County,Dist,District,aid_17_18,aid_18_19,aid_change,Aid Percent Difference,aid_change_perc
Atlantic,590,Buena Regional,19421492,19421492,0,0,0
Atlantic,4240,Port Republic City,1078238,1078238,0,0,0
Burlington,5490,Washington Twp,660322,660322,0,0,0
Camden,580,Brooklawn Boro,4482694,4482694,0,0,0
Camden,3770,Oaklyn Boro,2627039,2627039,0,0,0
Cape May,710,Cape May City,557830,557830,0,0,0
Cape May,1080,Dennis Twp,6043714,6043714,0,0,0
Cape May,2820,Lower Cape May Regional,9840541,9840541,0,0,0
Cumberland,950,Commercial Twp,10269118,10269118,0,0,0
Cumberland,1120,Downe Twp,1820611,1820611,0,0,0
Gloucester,870,Clearview Regional,15000094,15000094,0,0,0
Gloucester,2070,Harrison Twp,6171027,6171027,0,0,0
Hudson,2210,Hoboken City,10468870,10468870,0,0,0
Hunterdon,20,Alexandria Twp,1646845,1646845,0,0,0
Hunterdon,430,Bloomsbury Boro,1349435,1349435,0,0,0
Hunterdon,670,Califon Boro,320754,320754,0,0,0
Hunterdon,920,Clinton Twp,2323341,2323341,0,0,0
Hunterdon,1040,Delaware Twp,1163425,1163425,0,0,0
Hunterdon,1160,East Amwell Twp,884867,884867,0,0,0
Hunterdon,1600,Franklin Twp,340425,340425,0,0,0
Hunterdon,1970,Hampton Boro,958360,958360,0,0,0
Middlesex,4830,South Amboy City,6627860,6627860,0,0,0
Monmouth,1650,Freehold Regional,51564083,51564083,0,0,0
Monmouth,3500,Neptune City,2061529,2061529,0,0,0
Monmouth,4520,Roosevelt Boro,1000970,1000970,0,0,0
Monmouth,5230,Union Beach,8283817,8283817,0,0,0
Ocean,5220,Tuckerton Boro,2278716,2278716,0,0,0
Sussex,2490,Lafayette Twp,841528,841528,0,0,0
Sussex,3300,Montague Twp,2675796,2675796,0,0,0
Sussex,3840,Ogdensburg Boro,2259602,2259602,0,0,0
Warren,1840,Greenwich Twp,6029016,6029016,0,0,0
Somerset,2170,Hillsborough Twp,25205490,25208652,3162,0.000125,0.0125
Camden,880,Clementon Boro,6375111,6378661,3550,0.000557,0.0557
Gloucester,1730,Glassboro,16571091,16581825,10734,0.000648,0.0648
Camden,5560,Waterford Twp,12641824,12651284,9460,0.000748,0.0748
Ocean,2350,Island Heights Boro,298853,299080,227,0.00076,0.076
Cumberland,1460,Fairfield Twp,6106657,6112220,5563,0.000911,0.0911
Burlington,4740,Shamong Twp,4251771,4258290,6519,0.001533,0.1533
Burlington,1030,Delanco Twp,2492244,2497232,4988,0.002001,0.2001
Camden,1880,Haddon Heights Boro,1729957,1734308,4351,0.002515,0.2515
Cumberland,3230,Millville City,67197040,67381936,184896,0.002752,0.2752
Salem,5320,Upper Pittsgrove Twp,3506443,3516152,9709,0.002769,0.2769
Mercer,1950,Hamilton Twp,73888102,74115381,227279,0.003076,0.3076
Cumberland,5390,Vineland City,134750848,135167969,417121,0.003096,0.3096
Monmouth,3510,Neptune Twp,32091785,32203585,111800,0.003484,0.3484
Atlantic,4180,Pleasantville City,64048801,64285734,236933,0.003699,0.3699
Burlington,610,Burlington Co Vocational,14599895,14656986,57091,0.00391,0.391
Ocean,4190,Plumsted Twp,11569334,11617962,48628,0.004203,0.4203
Burlington,600,Burlington City,16661574,16734628,73054,0.004385,0.4385
Sussex,5435,Wallkill Valley Regional,4650280,4671317,21037,0.004524,0.4524
Hudson,2390,Jersey City,410404292,412268006,1863714,0.004541,0.4541
Gloucester,4940,Delsea Regional H.S Dist.,14013937,14077626,63689,0.004545,0.4545
Gloucester,5590,Wenonah Boro,500494,503113,2619,0.005233,0.5233
Burlington,380,Beverly City,3660781,3680680,19899,0.005436,0.5436
Monmouth,2400,Keansburg Boro,26830161,26990877,160716,0.00599,0.599
Ocean,2500,Lakehurst Boro,6022038,6058277,36239,0.006018,0.6018
Essex,1210,East Orange,175158952,176273478,1114526,0.006363,0.6363
Hunterdon,2600,Lebanon Twp,2331396,2346951,15555,0.006672,0.6672
Sussex,2465,Kittatinny Regional,5964645,6005433,40788,0.006838,0.6838
Camden,680,Camden City,280088059,282029317,1941258,0.006931,0.6931
Camden,1770,Gloucester City,29595537,29801218,205681,0.00695,0.695
Burlington,4050,Pemberton Twp,82089354,82748278,658924,0.008027,0.8027
Sussex,1570,Franklin Boro,3272459,3300765,28306,0.00865,0.865
Middlesex,4910,South Plainfield Boro,9202688,9284240,81552,0.008862,0.8862
Salem,3860,Oldmans Twp,2080486,2099061,18575,0.008928,0.8928
Gloucester,4140,Pitman Boro,9664663,9753504,88841,0.009192,0.9192
Cape May,2840,Lower Twp,9973604,10067100,93496,0.009374,0.9374
Salem,5910,Woodstown-Pilesgrove Reg,7000694,7067286,66592,0.009512,0.9512
Ocean,2520,Lakewood Twp,24793040,25032282,239242,0.00965,0.965
Cape May,5840,Woodbine Boro,2941904,2970547,28643,0.009736,0.9736
Ocean,2360,Jackson Twp,49635886,50122386,486500,0.009801,0.9801
Burlington,1520,Florence Twp,9672880,9769215,96335,0.009959,0.9959
Middlesex,3845,Old Bridge Twp,44779742,45227400,447658,0.009997,0.9997
Hunterdon,2450,Kingwood Twp,1294296,1307593,13297,0.01027,1.027
Gloucester,1330,Elk Twp,2533604,2559674,26070,0.01029,1.029
Camden,940,Collingswood Boro,10375955,10489030,113075,0.0109,1.09
Salem,60,Alloway Twp,3695217,3735871,40654,0.011,1.1
Burlington,5805,Willingboro Twp,38471878,38902511,430633,0.01119,1.119
Gloucester,5870,Woodbury Heights Boro,1002506,1013752,11246,0.01122,1.122
Warren,2790,Lopatcong Twp,3605625,3646410,40785,0.01131,1.131
Atlantic,3480,Mullica Twp,5419739,5481097,61358,0.01132,1.132
Monmouth,2290,Howell Twp,33158120,33540599,382479,0.01154,1.154
Burlington,5130,Tabernacle Twp,5363877,5428064,64187,0.01197,1.197
Burlington,4320,Rancocas Valley Regional,16095580,16293099,197519,0.01227,1.227
Cumberland,2570,Lawrence Twp,6221388,6300372,78984,0.0127,1.27
Cape May,3130,Middle Twp,13318269,13490663,172394,0.01294,1.294
Morris,4330,Randolph Twp,12819909,12987457,167548,0.01307,1.307
Camden,1890,Haddon Twp,8447619,8558503,110884,0.01313,1.313
Burlington,1250,Eastampton Twp,4590695,4651619,60924,0.01327,1.327
Morris,2380,Jefferson Twp,15852125,16063269,211144,0.01332,1.332
Cape May,5340,Upper Twp,9985263,10123795,138532,0.01387,1.387
Cape May,170,Avalon Boro,73609,74635,1026,0.01394,1.394
Ocean,5020,Stafford Twp,9482878,9617048,134170,0.01415,1.415
Ocean,185,Barnegat Twp,20154629,20440810,286181,0.0142,1.42
Monmouth,2105,Hazlet Twp,12727947,12909497,181550,0.01426,1.426
Warren,5530,Washington Twp,2585480,2622788,37308,0.01443,1.443
Burlington,3540,New Hanover Twp,2413419,2448308,34889,0.01446,1.446
Monmouth,100,Asbury Park City,54448308,55244435,796127,0.01462,1.462
Bergen,2620,Leonia Boro,3592204,3645414,53210,0.01481,1.481
Sussex,5100,Sussex-Wantage Regional,7680377,7795168,114791,0.01495,1.495
Sussex,2240,Hopatcong,11170937,11339944,169007,0.01513,1.513
Warren,4100,Phillipsburg Town,37483470,38053231,569761,0.0152,1.52
Sussex,5110,Sussex County Vocational,4197167,4261877,64710,0.01542,1.542
Cumberland,2270,Hopewell Twp,3425096,3477942,52846,0.01543,1.543
Ocean,2690,Little Egg Harbor Twp,9496540,9644487,147947,0.01558,1.558
Camden,390,Black Horse Pike Regional,33589058,34123559,534501,0.01591,1.591
Burlington,2850,Lumberton Twp,8176517,8306903,130386,0.01595,1.595
Hunterdon,3180,Milford Boro,334550,339905,5355,0.01601,1.601
Warren,3675,North Warren Regional,4958195,5038337,80142,0.01616,1.616
Burlington,5890,Woodland Twp,908807,923591,14784,0.01627,1.627
Gloucester,2990,Mantua Twp,6171701,6272179,100478,0.01628,1.628
Bergen,1370,Englewood City,9489104,9645811,156707,0.01651,1.651
Camden,1255,Eastern Camden County Reg,9292586,9446308,153722,0.01654,1.654
Ocean,2480,Lacey Twp,21204577,21556936,352359,0.01662,1.662
Camden,4790,Somerdale Boro,3180008,3233018,53010,0.01667,1.667
Warren,5465,Warren Hills Regional,10628706,10806089,177383,0.01669,1.669
Atlantic,5760,Weymouth Twp,2326148,2365542,39394,0.01694,1.694
Monmouth,4840,Lake Como,579627,589446,9819,0.01694,1.694
Cumberland,5070,Stow Creek Twp,818225,832132,13907,0.017,1.7
Salem,4630,Salem City,16399991,16678731,278740,0.017,1.7
Warren,4200,Pohatcong Twp,1784292,1814646,30354,0.01701,1.701
Burlington,3650,North Hanover Twp,11604992,11803550,198558,0.01711,1.711
Salem,4280,Quinton Twp,3469863,3530041,60178,0.01734,1.734
Sussex,90,Andover Reg,2312540,2352819,40279,0.01742,1.742
Camden,810,Chesilhurst,2448069,2491488,43419,0.01774,1.774
Warren,2250,Hope Twp,972061,989430,17369,0.01787,1.787
Sussex,1800,Green Twp,2582962,2629614,46652,0.01806,1.806
Camden,5820,Winslow Twp,44023246,44819875,796629,0.0181,1.81
Camden,1780,Gloucester Twp,50988439,51917671,929232,0.01822,1.822
Sussex,5030,Stanhope Boro,1485876,1513032,27156,0.01828,1.828
Camden,1720,Gibbsboro Boro,1387627,1413004,25377,0.01829,1.829
Warren,400,Blairstown Twp,1969506,2005601,36095,0.01833,1.833
Cumberland,3050,Maurice River Twp,4767121,4854652,87531,0.01836,1.836
Ocean,4710,Seaside Heights Boro,1030432,1049577,19145,0.01858,1.858
Sussex,5040,Stillwater Twp,1771122,1804081,32959,0.01861,1.861
Ocean,5190,Toms River Regional,66975394,68224666,1249272,0.01865,1.865
Warren,1785,Great Meadows Regional,5885705,5995971,110266,0.01873,1.873
Morris,4560,Roxbury Twp,13908190,14172685,264495,0.01902,1.902
Sussex,5360,Vernon Twp,24618248,25103743,485495,0.01972,1.972
Sussex,2030,Hardyston Twp,2153270,2196180,42910,0.01993,1.993
Burlington,2610,Lenape Regional,28686546,29261292,574746,0.02004,2.004
Sussex,2615,Lenape Valley Regional,4832461,4930905,98444,0.02037,2.037
Hunterdon,1050,Delaware Valley Regional,4005830,4087941,82111,0.0205,2.05
Gloucester,5500,Washington Twp,49112999,50129548,1016549,0.0207,2.07
Sussex,640,Byram Twp,3812617,3892017,79400,0.02083,2.083
Bergen,1130,Dumont Boro,8691772,8874308,182536,0.021,2.1
Gloucester,4880,South Harrison Twp,1657978,1692928,34950,0.02108,2.108
Atlantic,960,Corbin City,686911,701402,14491,0.0211,2.11
Passaic,2510,Lakeland Regional,4837506,4939555,102049,0.0211,2.11
Ocean,530,Brick Twp,35304821,36055619,750798,0.02127,2.127
Cape May,5800,Wildwood Crest Boro,687616,702378,14762,0.02147,2.147
Burlington,200,Bass River Twp,868965,887815,18850,0.02169,2.169
Atlantic,4800,Somers Point City,5693197,5816797,123600,0.02171,2.171
Sussex,1980,Hampton Twp,1253400,1281175,27775,0.02216,2.216
Salem,2950,Mannington Twp,549936,562171,12235,0.02225,2.225
Hunterdon,2140,High Bridge Boro,1488722,1522119,33397,0.02243,2.243
Ocean,3820,Ocean Twp,6816273,6971120,154847,0.02272,2.272
Morris,5520,Washington Twp,8064202,8248777,184575,0.02289,2.289
Monmouth,3030,Marlboro Twp,11418511,11688880,270369,0.02368,2.368
Ocean,4105,Pinelands Regional,11155600,11422378,266778,0.02391,2.391
Hunterdon,370,Bethlehem Twp,1545815,1583116,37301,0.02413,2.413
Burlington,5010,Springfield Twp,1191238,1220618,29380,0.02466,2.466
Bergen,4500,Rockleigh,19730,20223,493,0.02499,2.499
Atlantic,1690,Galloway Twp,24008853,24609074,600221,0.025,2.5
Atlantic,1790,Greater Egg Harbor Reg,31353710,32137553,783843,0.025,2.5
Bergen,40,Allendale Boro,382381,391941,9560,0.025,2.5
Burlington,840,Cinnaminson Twp,9070845,9297616,226771,0.025,2.5
Burlington,3430,Mount Holly Twp,10044255,10295362,251107,0.025,2.5
Camden,190,Barrington Boro,3343697,3427290,83593,0.025,2.5
Camden,2890,Magnolia Boro,3131770,3210064,78294,0.025,2.5
Cumberland,1020,Deerfield Twp,2565216,2629347,64131,0.025,2.5
Essex,3630,North Caldwell Boro,279958,286957,6999,0.025,2.5
Gloucester,3490,National Park Boro,2098195,2150650,52455,0.025,2.5
Gloucester,3580,Newfield Boro,1467748,1504442,36694,0.025,2.5
Mercer,1430,Ewing Twp,10278777,10535747,256970,0.025,2.5
Middlesex,2150,Highland Park Boro,3885439,3982575,97136,0.025,2.5
Monmouth,1490,Farmingdale Boro,785824,805470,19646,0.025,2.5
Monmouth,2320,Interlaken,63529,65117,1588,0.025,2.5
Monmouth,3040,Matawan-Aberdeen Regional,12396728,12706646,309918,0.025,2.5
Morris,3450,Mount Olive Twp,15593413,15983248,389835,0.025,2.5
Morris,4480,Rockaway Boro,584221,598827,14606,0.025,2.5
Ocean,3800,Ocean Gate Boro,930598,953863,23265,0.025,2.5
Passaic,2100,Hawthorne Boro,2401936,2461985,60049,0.025,2.5
Union,2660,Linden City,23191774,23771568,579794,0.025,2.5
Warren,70,Alpha Boro,1911978,1959778,47800,0.025,2.5
Warren,5480,Washington Boro,2845285,2916417,71132,0.025,2.5
Bergen,2080,Hasbrouck Heights Boro,1484965,1522186,37221,0.02507,2.507
Warren,5780,White Twp,1713147,1756162,43015,0.02511,2.511
Warren,2470,Knowlton Twp,1385676,1420794,35118,0.02534,2.534
Ocean,3790,Ocean County Vocational,5585095,5727595,142500,0.02551,2.551
Monmouth,2920,Manalapan-Englishtown Reg,19440358,19938658,498300,0.02563,2.563
Sussex,1930,Hamburg Boro,1596789,1638145,41356,0.0259,2.59
Atlantic,2910,Mainland Regional,7700745,7900944,200199,0.026,2.6
Gloucester,2750,Logan Twp,5308079,5448266,140187,0.02641,2.641
Hunterdon,2220,Holland Twp,1819736,1867862,48126,0.02645,2.645
Passaic,5440,Wanaque Boro,2491734,2558163,66429,0.02666,2.666
Cumberland,1820,Greenwich Twp,420330,431552,11222,0.0267,2.67
Salem,4075,Pennsville,9244975,9492799,247824,0.02681,2.681
Salem,1350,Elsinboro Twp,1035538,1063848,28310,0.02734,2.734
Passaic,5650,West Milford Twp,14611120,15012248,401128,0.02745,2.745
Cape May,730,Cape May Point,26469,27198,729,0.02754,2.754
Cape May,5610,West Cape May Boro,630246,647699,17453,0.02769,2.769
Monmouth,2160,Highlands Boro,629388,647057,17669,0.02807,2.807
Hudson,2060,Harrison Town,25459593,26176691,717098,0.02817,2.817
Warren,280,Belvidere Town,2838387,2918370,79983,0.02818,2.818
Monmouth,3260,Monmouth Co Vocational,8120555,8350800,230245,0.02835,2.835
Essex,5680,West Orange Town,8551053,8793832,242779,0.02839,2.839
Burlington,1420,Evesham Twp,13519426,13903697,384271,0.02842,2.842
Cape May,5790,Wildwood City,5106852,5252878,146026,0.02859,2.859
Hunterdon,2308,Hunterdon Co Vocational,933283,960175,26892,0.02881,2.881
Hunterdon,5180,Tewksbury Twp,907770,933991,26221,0.02889,2.889
Atlantic,5350,Ventnor City,2061948,2121773,59825,0.02901,2.901
Passaic,4230,Pompton Lakes Boro,4104769,4226372,121603,0.02962,2.962
Warren,1620,Franklin Twp,750331,772999,22668,0.03021,3.021
Bergen,3910,Palisades Park,1936474,1995923,59449,0.0307,3.07
Burlington,1910,Hainesport Twp,1369095,1411235,42140,0.03078,3.078
Middlesex,1170,East Brunswick Twp,18198710,18761697,562987,0.03094,3.094
Warren,2970,Mansfield Twp,3621285,3734541,113256,0.03128,3.128
Monmouth,3200,Millstone Twp,4799939,4950531,150592,0.03137,3.137
Warren,3890,Oxford Twp,2636734,2720596,83862,0.03181,3.181
Union,5000,Springfield Twp,1499206,1547093,47887,0.03194,3.194
Camden,3420,Mount Ephraim Boro,4015533,4145226,129693,0.0323,3.23
Salem,4150,Pittsgrove Twp,15452370,15953901,501531,0.03246,3.246
Monmouth,1260,Eatontown Boro,3774541,3897784,123243,0.03265,3.265
Hunterdon,1376,South-Hunterdon,2290421,2367203,76782,0.03352,3.352
Sussex,4650,Sandyston-Walpack Twp,573099,592415,19316,0.0337,3.37
Ocean,770,Central Regional,4117752,4256787,139035,0.03376,3.376
Monmouth,5310,Upper Freehold Regional,5655615,5847057,191442,0.03385,3.385
Warren,1670,Frelinghuysen Twp,605993,626742,20749,0.03424,3.424
Sussex,2165,High Point Regional,6281451,6500411,218960,0.03486,3.486
Camden,340,Berlin Twp,5695151,5895815,200664,0.03523,3.523
Ocean,4210,Point Pleasant Boro,5967620,6177953,210333,0.03525,3.525
Somerset,1610,Franklin Twp,13488853,13966339,477486,0.0354,3.54
Atlantic,1410,Estell Manor City,2134584,2210278,75694,0.03546,3.546
Passaic,3980,Passaic Co Manchester Reg,7152073,7405776,253703,0.03547,3.547
Cape May,5060,Stone Harbor Boro,52892,54788,1896,0.03585,3.585
Essex,2330,Irvington Township,113477223,117691353,4214130,0.03714,3.714
Morris,3380,Morris Plains Boro,808316,838634,30318,0.03751,3.751
Cape May,3780,Ocean City,3804445,3949402,144957,0.0381,3.81
Ocean,210,Bay Head Boro,70208,72910,2702,0.03849,3.849
Hunterdon,910,Clinton Town,1251653,1300037,48384,0.03866,3.866
Passaic,420,Bloomingdale Boro,1983460,2061406,77946,0.0393,3.93
Bergen,4370,Ridgefield Boro,2632415,2736338,103923,0.03948,3.948
Morris,5770,Wharton Boro,4421522,4596901,175379,0.03966,3.966
Camden,3110,Merchantville Boro,2473482,2571762,98280,0.03973,3.973
Bergen,1700,Garfield City,56596841,58866841,2270000,0.04011,4.011
Hunterdon,1510,Flemington-Raritan Reg,6159367,6406476,247109,0.04012,4.012
Burlington,4460,Riverton,547970,570016,22046,0.04023,4.023
Atlantic,1540,Folsom Boro,5641739,5869132,227393,0.04031,4.031
Cumberland,997,Cumberland Regional,12390855,12891242,500387,0.04038,4.038
Middlesex,3220,Milltown Boro,1186590,1234838,48248,0.04066,4.066
Atlantic,570,Brigantine City,2255760,2348408,92648,0.04107,4.107
Camden,5400,Voorhees Twp,5562934,5792251,229317,0.04122,4.122
Atlantic,3720,Northfield City,3913230,4075335,162105,0.04142,4.142
Monmouth,500,Bradley Beach Boro,1050018,1093559,43541,0.04147,4.147
Monmouth,2430,Keyport Boro,5522076,5751498,229422,0.04155,4.155
Middlesex,4090,Perth Amboy City,161347542,168100857,6753315,0.04186,4.186
Camden,800,Cherry Hill Twp,14131515,14727844,596329,0.0422,4.22
Ocean,1150,Eagleswood Twp,652202,679821,27619,0.04235,4.235
Burlington,4930,Southampton Twp,2092492,2181681,89189,0.04262,4.262
Bergen,4430,River Vale Twp,527683,550193,22510,0.04266,4.266
Passaic,3970,Passaic City,230752455,240690152,9937697,0.04307,4.307
Morris,3370,Morris Hills Regional,7765255,8100974,335719,0.04323,4.323
Ocean,230,Beach Haven Boro,226743,236619,9876,0.04356,4.356
Gloucester,1715,Gateway Regional,7670486,8004738,334252,0.04358,4.358
Morris,450,Boonton Town,1322889,1380639,57750,0.04365,4.365
Sussex,1560,Frankford Twp,1933050,2017512,84462,0.04369,4.369
Warren,5460,Warren County Vocational,3166477,3307006,140529,0.04438,4.438
Union,5290,Union Twp,31286255,32684260,1398005,0.04468,4.468
Gloucester,1590,Franklin Twp,8875221,9274364,399143,0.04497,4.497
Essex,3880,City Of Orange Twp,75202477,78604954,3402477,0.04524,4.524
Camden,700,Camden County Vocational,22581598,23608172,1026574,0.04546,4.546
Hudson,5580,Weehawken Twp,2668254,2789710,121456,0.04552,4.552
Bergen,3550,New Milford Boro,1872920,1958416,85496,0.04565,4.565
Burlington,3080,Medford Twp,4769108,4986803,217695,0.04565,4.565
Union,4160,Plainfield City,126468339,132241297,5772958,0.04565,4.565
Hunterdon,2300,Hunterdon Central Reg,5719700,5982704,263004,0.04598,4.598
Union,1320,Elizabeth City,373294815,390533502,17238687,0.04618,4.618
Sussex,1630,Fredon Twp,534307,559003,24696,0.04622,4.622
Cape May,4700,Sea Isle City,250659,262339,11680,0.0466,4.66
Passaic,3640,North Haledon Boro,430615,450923,20308,0.04716,4.716
Morris,3460,Mountain Lakes Boro,799520,837405,37885,0.04738,4.738
Morris,630,Butler Boro,2014571,2110420,95849,0.04758,4.758
Cumberland,540,Bridgeton City,82864389,86812555,3948166,0.04765,4.765
Gloucester,860,Clayton Boro,10308407,10803765,495358,0.04805,4.805
Monmouth,5185,Tinton Falls,3519232,3690396,171164,0.04864,4.864
Sussex,3590,Newton Town,6165257,6466266,301009,0.04882,4.882
Monmouth,3160,Middletown Twp,17481823,18345222,863399,0.04939,4.939
Atlantic,110,Atlantic City,24337833,25544104,1206271,0.04956,4.956
Camden,2670,Lindenwold Boro,25707429,26981830,1274401,0.04957,4.957
Somerset,555,Bridgewater-Raritan Reg,9560332,10035953,475621,0.04975,4.975
Atlantic,10,Absecon City,1694796,1779536,84740,0.05,5
Atlantic,120,Atlantic Co Vocational,4940398,5187418,247020,0.05,5
Atlantic,1300,Egg Harbor City,5301220,5566281,265061,0.05,5
Atlantic,1310,Egg Harbor Twp,41838342,43930259,2091917,0.05,5
Atlantic,1940,Hamilton Twp,23178276,24337190,1158914,0.05,5
Bergen,440,Bogota Boro,5809244,6099706,290462,0.05,5
Bergen,890,Cliffside Park Boro,3909862,4105355,195493,0.05,5
Bergen,1270,Edgewater Boro,1034472,1086196,51724,0.05,5
Bergen,1345,Elmwood Park,4738567,4975495,236928,0.05,5
Bergen,1470,Fairview Boro,8690741,9125278,434537,0.05,5
Bergen,1860,Hackensack City,14972649,15721282,748633,0.05,5
Bergen,2710,Little Ferry Boro,2140230,2247242,107012,0.05,5
Bergen,2740,Lodi Borough,15800234,16590246,790012,0.05,5
Bergen,2860,Lyndhurst Twp,2098617,2203548,104931,0.05,5
Bergen,3060,Maywood Boro,1200808,1260849,60041,0.05,5
Bergen,3600,North Arlington Boro,2187694,2297079,109385,0.05,5
Bergen,4380,Ridgefield Park Twp,5958857,6256800,297943,0.05,5
Bergen,4410,River Edge Boro,752750,790388,37638,0.05,5
Bergen,5430,Wallington Boro,3605399,3785669,180270,0.05,5
Burlington,475,Bordentown Regional,8279997,8693997,414000,0.05,5
Burlington,620,Burlington Twp,19066813,20020154,953341,0.05,5
Burlington,830,Chesterfield Twp,821188,862248,41060,0.05,5
Burlington,1060,Delran Twp,12517676,13143560,625884,0.05,5
Burlington,1280,Edgewater Park Twp,6860711,7203747,343036,0.05,5
Burlington,3010,Maple Shade Twp,9192188,9651798,459610,0.05,5
Burlington,3070,Medford Lakes Boro,1220483,1281507,61024,0.05,5
Burlington,3920,Palmyra Boro,4807229,5047591,240362,0.05,5
Burlington,4450,Riverside Twp,11173307,11731972,558665,0.05,5
Burlington,5720,Westampton,3750314,3937830,187516,0.05,5
Camden,330,Berlin Boro,3725649,3911932,186283,0.05,5
Camden,2130,Hi Nella,926158,972466,46308,0.05,5
Camden,4060,Pennsauken Twp,49336778,51803617,2466839,0.05,5
Camden,5900,Woodlynne Boro,7106570,7461899,355329,0.05,5
Cumberland,995,Cumberland Co Vocational,4049193,4251653,202460,0.05,5
Cumberland,5300,Upper Deerfield Twp,6476862,6800705,323843,0.05,5
Essex,250,Belleville Town,26986513,28335839,1349326,0.05,5
Essex,410,Bloomfield Twp,23020310,24171326,1151016,0.05,5
Essex,1390,Essex Co Voc-Tech,21094830,22149572,1054742,0.05,5
Essex,3570,Newark City,750118011,787623912,37505901,0.05,5
Essex,3750,Nutley Town,7237573,7599452,361879,0.05,5
Gloucester,1180,East Greenwich Twp,3648914,3831360,182446,0.05,5
Gloucester,1775,Gloucester Co Vocational,7980648,8379681,399033,0.05,5
Gloucester,2440,Kingsway Regional,9599143,10079100,479957,0.05,5
Gloucester,3280,Monroe Twp,35740575,37527604,1787029,0.05,5
Gloucester,5120,Swedesboro-Woolwich,7217672,7578556,360884,0.05,5
Gloucester,5620,West Deptford Twp,12335282,12952046,616764,0.05,5
Gloucester,5740,Westville Boro,2551492,2679067,127575,0.05,5
Hudson,220,Bayonne City,56916073,59761877,2845804,0.05,5
Hudson,1200,East Newark Boro,3578845,3757787,178942,0.05,5
Hudson,1850,Guttenberg Town,5784546,6073773,289227,0.05,5
Hudson,2295,Hudson County Vocational,21293444,22358116,1064672,0.05,5
Hudson,2410,Kearny Town,33119896,34775891,1655995,0.05,5
Hudson,3610,North Bergen Twp,58323031,61239183,2916152,0.05,5
Hudson,5240,Union City,181132094,190188699,9056605,0.05,5
Hudson,5670,West New York Town,95592169,100371778,4779609,0.05,5
Mercer,1245,East Windsor Regional,20129621,21136102,1006481,0.05,5
Mercer,3105,Mercer County Vocational,2498009,2622910,124901,0.05,5
Mercer,5210,Trenton City,230692142,242226749,11534607,0.05,5
Mercer,5510,Robbinsville Twp,3122798,3278938,156140,0.05,5
Middlesex,750,Carteret Boro,27834738,29226475,1391737,0.05,5
Middlesex,1140,Dunellen Boro,5890347,6184864,294517,0.05,5
Middlesex,1290,Edison Twp,15492024,16266625,774601,0.05,5
Middlesex,2370,Jamesburg Boro,5353086,5620740,267654,0.05,5
Middlesex,3140,Middlesex Boro,9122803,9578943,456140,0.05,5
Middlesex,3150,Middlesex Co Vocational,13520974,14197023,676049,0.05,5
Middlesex,3530,New Brunswick City,126873046,133216698,6343652,0.05,5
Middlesex,3620,North Brunswick Twp,14621189,15352249,731060,0.05,5
Middlesex,4130,Piscataway Twp,16906426,17751747,845321,0.05,5
Middlesex,4660,Sayreville Boro,22330303,23446818,1116515,0.05,5
Middlesex,4860,South Brunswick Twp,23651279,24833843,1182564,0.05,5
Middlesex,4920,South River Boro,13314062,13979765,665703,0.05,5
Middlesex,4970,Spotswood,6278845,6592788,313943,0.05,5
Middlesex,5850,Woodbridge Twp,28997676,30447560,1449884,0.05,5
Monmouth,1640,Freehold Boro,10699812,11234803,534991,0.05,5
Monmouth,2770,Long Branch City,43224236,45385448,2161212,0.05,5
Monmouth,4360,Red Bank Boro,3570056,3748559,178503,0.05,5
Morris,1110,Dover Town,25905898,27201193,1295295,0.05,5
Passaic,900,Clifton City,30054160,31556868,1502708,0.05,5
Passaic,1920,Haledon Boro,7205174,7565433,360259,0.05,5
Passaic,3995,Passaic County Vocational,21841555,22933633,1092078,0.05,5
Passaic,4010,Paterson City,405727233,426013595,20286362,0.05,5
Passaic,4270,Prospect Park Boro,8225747,8637034,411287,0.05,5
Passaic,5690,Woodland Park,1061269,1114333,53064,0.05,5
Salem,4070,Penns Grv-Carney'S Pt Reg,21895154,22989912,1094758,0.05,5
Salem,4640,Salem County Vocational,4848291,5090706,242415,0.05,5
Somerset,3000,Manville Boro,6054385,6357104,302719,0.05,5
Somerset,3670,North Plainfield Boro,25804395,27094615,1290220,0.05,5
Somerset,4820,Somerville Boro,5794175,6083884,289709,0.05,5
Somerset,4850,South Bound Brook,3454933,3627680,172747,0.05,5
Union,2190,Hillside Twp,22000944,23100991,1100047,0.05,5
Union,4290,Rahway City,21397420,22467291,1069871,0.05,5
Union,4540,Roselle Boro,24336033,25552835,1216802,0.05,5
Union,4550,Roselle Park Boro,10963398,11511568,548170,0.05,5
Union,5260,Union County Vocational,6404315,6724531,320216,0.05,5
Gloucester,1100,Deptford Twp,24287367,25513472,1226105,0.05048,5.048
Camden,260,Bellmawr Boro,5533555,5813689,280134,0.05062,5.062
Camden,2540,Laurel Springs Boro,1999445,2100793,101348,0.05069,5.069
Bergen,300,Bergenfield Boro,11359313,11935421,576108,0.05072,5.072
Gloucester,4020,Paulsboro Boro,12436023,13068258,632235,0.05084,5.084
Passaic,4400,Ringwood Boro,2861274,3006813,145539,0.05087,5.087
Gloucester,5860,Woodbury City,12425436,13061553,636117,0.05119,5.119
Hunterdon,1680,Frenchtown Boro,746265,784533,38268,0.05128,5.128
Hunterdon,3660,N Hunt/Voorhees Regional,5554323,5839593,285270,0.05136,5.136
Camden,150,Audubon Boro,8409554,8841606,432052,0.05138,5.138
Camden,4110,Pine Hill Boro,16804200,17672150,867950,0.05165,5.165
Camden,4590,Runnemede Boro,4994548,5252852,258304,0.05172,5.172
Hunterdon,2590,Lebanon Boro,191691,201651,9960,0.05196,5.196
Somerset,3320,Montgomery Twp,4264664,4488956,224292,0.05259,5.259
Warren,30,Allamuchy Twp,583757,614633,30876,0.05289,5.289
Sussex,4960,Sparta Twp,5977474,6293744,316270,0.05291,5.291
Bergen,5160,Tenafly Boro,1603648,1688573,84925,0.05296,5.296
Ocean,2940,Manchester Twp,5450389,5739048,288659,0.05296,5.296
Warren,1870,Hackettstown,5423776,5711847,288071,0.05311,5.311
Burlington,3690,Northern Burlington Reg,12714206,13395709,681503,0.0536,5.36
Morris,5660,West Morris Regional,4372270,4608689,236419,0.05407,5.407
Bergen,4390,Ridgewood Village,2453765,2586693,132928,0.05417,5.417
Camden,5080,Stratford Boro,4564897,4814012,249115,0.05457,5.457
Cape May,3680,North Wildwood City,659074,695228,36154,0.05486,5.486
Somerset,490,Bound Brook Boro,9756139,10295918,539779,0.05533,5.533
Monmouth,50,Allenhurst,46964,49564,2600,0.05536,5.536
Morris,3240,Mine Hill Twp,2870825,3029963,159138,0.05543,5.543
Camden,2560,Lawnside Boro,3866307,4082658,216351,0.05596,5.596
Ocean,320,Berkeley Twp,2424703,2560810,136107,0.05613,5.613
Monmouth,2120,Henry Hudson Regional,784617,829155,44538,0.05676,5.676
Morris,3385,Morris School District,6835444,7228022,392578,0.05743,5.743
Bergen,290,Bergen County Vocational,5695547,6027000,331453,0.0582,5.82
Monmouth,1000,Deal Boro,2115112,2239229,124117,0.05868,5.868
Bergen,5830,Wood-Ridge Boro,834081,883186,49105,0.05887,5.887
Cape May,720,Cape May Co Vocational,1396049,1479890,83841,0.06006,6.006
Burlington,2960,Mansfield Twp,627556,665705,38149,0.06079,6.079
Monmouth,3810,Ocean Twp,7614796,8079720,464924,0.06106,6.106
Morris,2650,Lincoln Park Boro,1630858,1732894,102036,0.06257,6.257
Monmouth,270,Belmar Boro,975594,1037429,61835,0.06338,6.338
Morris,4080,Pequannock Twp,2247657,2390357,142700,0.06349,6.349
Union,5810,Winfield Twp,1699398,1807799,108401,0.06379,6.379
Morris,3520,Netcong Boro,1276836,1361316,84480,0.06616,6.616
Union,2420,Kenilworth Boro,4674995,4988007,313012,0.06695,6.695
Bergen,3700,Northern Highlands Reg,646988,690644,43656,0.06748,6.748
Atlantic,2680,Linwood City,1548101,1652882,104781,0.06768,6.768
Bergen,1450,Fair Lawn Boro,3963579,4242356,278777,0.07033,7.033
Somerset,350,Bernards Twp,3514180,3761904,247724,0.07049,7.049
Monmouth,180,Avon Boro,182458,195349,12891,0.07065,7.065
Morris,3365,Morris County Vocational,1233065,1320581,87516,0.07097,7.097
Burlington,3440,Mount Laurel Twp,4512427,4836580,324153,0.07184,7.184
Atlantic,1960,Hammonton Town,16436910,17620525,1183615,0.07201,7.201
Bergen,4600,Rutherford Boro,2484902,2668945,184043,0.07406,7.406
Salem,2800,Lower Alloways Creek,870331,934832,64501,0.07411,7.411
Bergen,2180,Hillsdale Boro,871860,936514,64654,0.07416,7.416
Bergen,3940,Park Ridge Boro,630371,677209,46838,0.0743,7.43
Union,1710,Garwood Boro,469359,504445,35086,0.07475,7.475
Gloucester,1830,Greenwich Twp,1110286,1193435,83149,0.07489,7.489
Union,3470,Mountainside Boro,569584,613011,43427,0.07624,7.624
Union,980,Cranford Twp,2437543,2624844,187301,0.07684,7.684
Monmouth,1660,Freehold Twp,4266774,4596132,329358,0.07719,7.719
Essex,3190,Millburn Twp,2287588,2465231,177643,0.07766,7.766
Bergen,4620,Saddle River Boro,246130,265247,19117,0.07767,7.767
Essex,3310,Montclair Town,6891951,7428526,536575,0.07786,7.786
Morris,785,Sch Dist Of The Chathams,2171620,2340774,169154,0.07789,7.789
Bergen,2200,Ho Ho Kus Boro,516074,556782,40708,0.07888,7.888
Somerset,4810,Somerset Co Vocational,1428562,1543011,114449,0.08011,8.011
Camden,5035,Sterling High School Dist,7023389,7588451,565062,0.08045,8.045
Ocean,2760,Long Beach Island,728456,787180,58724,0.08061,8.061
Essex,660,Caldwell-West Caldwell,1178327,1275568,97241,0.08252,8.252
Morris,4490,Rockaway Twp,2773832,3004799,230967,0.08327,8.327
Monmouth,5420,Wall Twp,3716167,4030939,314772,0.0847,8.47
Morris,2010,Harding Township,272118,295207,23089,0.08485,8.485
Bergen,4405,River Dell Regional,753864,817869,64005,0.0849,8.49
Monmouth,560,Brielle Boro,467593,507667,40074,0.0857,8.57
Bergen,80,Alpine Boro,155398,168727,13329,0.08577,8.577
Passaic,3990,Passaic Valley Regional,1080544,1174612,94068,0.08706,8.706
Monmouth,3270,Monmouth Regional,3298990,3592401,293411,0.08894,8.894
Ocean,2550,Lavallette Boro,173596,189225,15629,0.09003,9.003
Somerset,4815,Somerset Hills Regional,994791,1084445,89654,0.09012,9.012
Mercer,5715,W Windsor-Plainsboro Reg,7854528,8563582,709054,0.09027,9.027
Mercer,2580,Lawrence Twp,3618964,3948118,329154,0.09095,9.095
Morris,3090,Mendham Boro,273385,298262,24877,0.091,9.1
Somerset,1810,Green Brook Twp,1013139,1105537,92398,0.0912,9.12
Mercer,2280,Hopewell Valley Regional,2966788,3239777,272989,0.09202,9.202
Burlington,3360,Moorestown Twp,3268702,3575367,306665,0.09382,9.382
Passaic,2700,Little Falls Twp,575388,629500,54112,0.09404,9.404
Morris,2460,Kinnelon Boro,1573429,1722414,148985,0.09469,9.469
Bergen,930,Closter Boro,493089,539783,46694,0.0947,9.47
Somerset,510,Branchburg Twp,2068646,2265302,196656,0.09507,9.507
Morris,820,Chester Twp,1088727,1193764,105037,0.09648,9.648
Warren,2040,Harmony Twp,371013,407195,36182,0.09752,9.752
Morris,1090,Denville Twp,1252597,1375127,122530,0.09782,9.782
Bergen,5150,Teaneck Twp,5446179,5989277,543098,0.09972,9.972
Union,3560,New Providence Boro,1056815,1162779,105964,0.1003,10.03
Morris,2870,Madison Boro,1132430,1246395,113965,0.1006,10.06
Union,4670,Scotch Plains-Fanwood Reg,3200880,3527217,326337,0.102,10.2
Bergen,4610,Saddle Brook Twp,1170197,1291434,121237,0.1036,10.36
Morris,3410,Mount Arlington Boro,557623,615365,57742,0.1036,10.36
Morris,4440,Riverdale Boro,272361,300732,28371,0.1042,10.42
Camden,1900,Haddonfield,1078297,1190808,112511,0.1043,10.43
Somerset,240,Bedminster Twp,697403,770329,72926,0.1046,10.46
Essex,1750,Glen Ridge Boro,856408,946051,89643,0.1047,10.47
Middlesex,3290,Monroe Twp,3290469,3635098,344629,0.1047,10.47
Somerset,5540,Watchung Boro,469048,518242,49194,0.1049,10.49
Morris,4000,Long Hill Twp,667029,737138,70109,0.1051,10.51
Bergen,3760,Oakland Boro,739445,817625,78180,0.1057,10.57
Bergen,3870,Oradell Boro,377547,417490,39943,0.1058,10.58
Union,5090,Summit City,1815901,2008784,192883,0.1062,10.62
Bergen,3330,Montvale Boro,552470,611178,58708,0.1063,10.63
Bergen,5330,Upper Saddle River Boro,588579,651161,62582,0.1063,10.63
Bergen,2900,Mahwah Twp,2427120,2685621,258501,0.1065,10.65
Essex,4900,South Orange-Maplewood,4549527,5033885,484358,0.1065,10.65
Bergen,4470,Rochelle Park Twp,478291,529341,51050,0.1067,10.67
Essex,5370,Verona Boro,1003766,1110888,107122,0.1067,10.67
Passaic,5200,Totowa Boro,510229,564674,54445,0.1067,10.67
Monmouth,1440,Fair Haven Boro,466724,516557,49833,0.1068,10.68
Hunterdon,4350,Readington Twp,1458386,1614266,155880,0.1069,10.69
Ocean,4720,Seaside Park Boro,154075,170619,16544,0.1074,10.74
Monmouth,945,Colts Neck Twp,1025733,1136070,110337,0.1076,10.76
Hunterdon,5270,Union Twp,577634,639966,62332,0.1079,10.79
Monmouth,3830,Oceanport Boro,457470,506896,49426,0.108,10.8
Monmouth,4990,Spring Lake Heights Boro,334236,370318,36082,0.108,10.8
Morris,460,Boonton Twp,500781,554841,54060,0.108,10.8
Bergen,3850,Old Tappan Boro,399681,442963,43282,0.1083,10.83
Somerset,5550,Watchung Hills Regional,1105050,1225857,120807,0.1093,10.93
Union,5730,Westfield Town,3249657,3604871,355214,0.1093,10.93
Bergen,3740,Norwood Boro,418355,464422,46067,0.1101,11.01
Bergen,1550,Fort Lee Boro,2228995,2474768,245773,0.1103,11.03
Bergen,3710,Northern Valley Regional,1313191,1458274,145083,0.1105,11.05
Bergen,3730,Northvale Boro,251083,278822,27739,0.1105,11.05
Bergen,1070,Demarest Boro,353347,392632,39285,0.1112,11.12
Bergen,745,Carlstadt-East Rutherford,385730,428678,42948,0.1113,11.13
Morris,2000,Hanover Twp,927058,1031052,103994,0.1122,11.22
Atlantic,3020,Margate City,541758,602847,61089,0.1128,11.28
Bergen,990,Cresskill Boro,832891,927305,94414,0.1134,11.34
Monmouth,2230,Holmdel Twp,2016705,2246720,230015,0.1141,11.41
Hudson,4730,Secaucus Town,1130674,1260040,129366,0.1144,11.44
Monmouth,2720,Little Silver Boro,357854,398966,41112,0.1149,11.49
Monmouth,4580,Rumson-Fair Haven Reg,500251,557793,57542,0.115,11.5
Atlantic,2780,Longport,90821,101275,10454,0.1151,11.51
Bergen,1760,Glen Rock Boro,1197037,1335305,138268,0.1155,11.55
Morris,1190,East Hanover Twp,707628,789453,81825,0.1156,11.56
Bergen,1230,East Rutherford Boro,626225,698753,72528,0.1158,11.58
Bergen,5410,Waldwick Boro,956914,1068287,111373,0.1164,11.64
Bergen,5920,Wyckoff Twp,990656,1106086,115430,0.1165,11.65
Essex,1400,Essex Fells Boro,106106,118558,12452,0.1174,11.74
Essex,5630,West Essex Regional,1145989,1280625,134636,0.1175,11.75
Bergen,3350,Moonachie Boro,410811,459351,48540,0.1182,11.82
Essex,2730,Livingston Twp,2923821,3271039,347218,0.1188,11.88
Monmouth,4365,Red Bank Regional,1047307,1172363,125056,0.1194,11.94
Essex,4530,Roseland Boro,295749,331216,35467,0.1199,11.99
Middlesex,3120,Metuchen Boro,1156163,1294983,138820,0.1201,12.01
Morris,3950,Parsippany-Troy Hills Twp,4926399,5530152,603753,0.1226,12.26
Ocean,4950,Southern Regional,2071194,2325842,254648,0.1229,12.29
Union,850,Clark Twp,1146528,1288480,141952,0.1238,12.38
Bergen,4300,Ramapo-Indian Hill Reg,1403572,1578415,174843,0.1246,12.46
Bergen,5755,Westwood Regional,1813867,2041361,227494,0.1254,12.54
Morris,1990,Hanover Park Regional,958875,1080395,121520,0.1267,12.67
Essex,760,Cedar Grove Twp,850192,958315,108123,0.1272,12.72
Bergen,1360,Emerson Boro,553411,624754,71343,0.1289,12.89
Middlesex,970,Cranbury Twp,506963,572483,65520,0.1292,12.92
Monmouth,4770,Shrewsbury Boro,253810,286834,33024,0.1301,13.01
Bergen,3960,Pascack Valley Regional,1214919,1375335,160416,0.132,13.2
Mercer,4255,Princeton,3547845,4023203,475358,0.134,13.4
Monmouth,4570,Rumson Boro,433575,491751,58176,0.1342,13.42
Bergen,5880,Woodcliff Lake Boro,390191,443118,52927,0.1356,13.56
Monmouth,5640,West Long Branch Boro,302812,343940,41128,0.1358,13.58
Morris,1530,Florham Park Boro,531716,604234,72518,0.1364,13.64
Morris,3340,Montville Twp,2083238,2367682,284444,0.1365,13.65
Union,310,Berkeley Heights Twp,1296302,1473639,177337,0.1368,13.68
Monmouth,3250,Monmouth Beach Boro,158713,180433,21720,0.1369,13.69
Passaic,5570,Wayne Twp,4342082,4940142,598060,0.1377,13.77
Bergen,1380,Englewood Cliffs Boro,333151,379136,45985,0.138,13.8
Cape May,5700,West Wildwood,40543,46173,5630,0.1389,13.89
Bergen,4310,Ramsey Boro,1403148,1600162,197014,0.1404,14.04
Somerset,5470,Warren Twp,1319191,1504714,185523,0.1406,14.06
Essex,1465,Fairfield Twp,344075,392491,48416,0.1407,14.07
Bergen,4870,South Hackensack Twp,259447,296060,36613,0.1411,14.11
Monmouth,4690,Sea Girt Boro,112818,129193,16375,0.1451,14.51
Bergen,740,Carlstadt Boro,280294,321134,40840,0.1457,14.57
Monmouth,130,Atlantic Highlands Boro,166526,190897,24371,0.1463,14.63
Bergen,3170,Midland Park Boro,647158,742564,95406,0.1474,14.74
Bergen,2050,Harrington Park Boro,317419,364802,47383,0.1493,14.93
Bergen,1580,Franklin Lakes Boro,789334,909154,119820,0.1518,15.18
Bergen,3930,Paramus Boro,2204967,2542374,337407,0.153,15.3
Ocean,4220,Point Pleasant Beach,506265,583748,77483,0.153,15.3
Monmouth,2930,Manasquan Boro,624883,721224,96341,0.1542,15.42
Morris,3100,Mendham Twp,472213,546193,73980,0.1567,15.67
Monmouth,4980,Spring Lake Boro,201306,233324,32018,0.1591,15.91
Monmouth,4760,Shore Regional,471868,549018,77150,0.1635,16.35
Bergen,2090,Haworth Boro,225922,263228,37306,0.1651,16.51
Monmouth,5645,Loch Arbour,0,3944,3944,.,....................................................................................................